,0
0,Гармонія
1,ПРОМЕТЕЙ
2,Азимут
3,Всесвіт
4,Світоч
5,Джерело
6,Ерудит
7,Молодь
8,Перспектива
9,Орієнтир
10,Контакт
11,Логос
12,Інтелект
13,Світанок
14,ОСНОВА
15,Вибір
16,Елінт
17,ОРТ-Алєф
18,Злагода
19,Новов
20,Самара
21,Ор-Авнер
22,Обдарованість
24,єднання
25,Берегиня
26,Перлина
27,Софія
28,Прогрес
29,Мереф
30,Промінь
31,Інсайт
32,Успіх
33,Надія
34,Новомар
35,Престиж
36,МРІЯ
37,Дельфін
39,Пасічнянська
40,Гуцульщина
43,Фенікс
44,Гранд
46,Галицький
47,Будокан
48,Лідер
49,Дзвіночок
50,Провесінь
51,Просвіта
52,Львівський
53,Гроно
54,Євшан
55,Арніка
56,Оріяна
58,Сихівський
59,Первоцвіт
60,Дивосвіт
61,ТРИВІТА
62,Джерельце
63,Європейський
64,Малюк
66,ЄДНАННЯ
67,Барвінок
68,Ромашка
69,Полісяночка
70,Ялинка
71,Сонечко
72,Теремок
73,Берізка
74,Зернятко
75,Пролісок
76,Казка
77,Просперітас
80,Приморський
81,Сяйво
84,Елітар
86,Радовель
87,ІНТЕЛЕКТ
88,Знам
89,Знамення
90,ГАРМОНІЯ
91,Гелікон
92,Паросток
94,Фортуна
95,Сузір
96,єнання
97,Ланжеронівський
98,ОЛІМПІЄЦЬ
99,Основа
100,днання
101,Личаківський
102,Відродження
103,Альфа
104,Базар
107,Міцва-613
108,Діалог
109,Слов
110,Троєщина
111,Славія
112,Струмочок
113,Щастя
114,Оболонь
116,Академія
117,Євроленд
118,Прем
119,Схід
120,Афіни
121,Кияночка
122,Універсум
123,Меридіан
124,Малятко
125,Дивоцвіт
126,Поділля
127,Мрія
128,Майбуття
129,Вєда
130,КРОК
131,Костанді
132,Гіпаніс-ЕОС
134,Соломон
135,Новатор
137,Світограй
139,Премудрість
141,Облагротехсевіс
142,АМАДЕЯ
143,Мальва
144,Калинка
145,Веселка
146,Чайка
147,Дюймовочка
148,Ягідка
149,Журавлик
150,Черемшина
151,Віночок
152,Вишенька
153,Колобок
154,Ясочка
155,ЯЛИНКА
156,Світлячок
157,Білосніжка
158,Колосочок
159,КАЛИНКА
160,Топольок
161,Підсніжник
162,Капітошка
163,РОМАШКА
164,Ластівка
165,",Сонечко"
166,Білочка
167,Буратіно
168,Попелюшка
169,Росинка
170,Тополька
171,Кульбабка
172,Рукавичка
173,Зайчик
174,Вербиченька
175,Орлятко
176,КАЗКА
177,Перлинка
178,Оленятко
179,Колосок
180,Пізнайко
181,Горобинка
182,Маячок
183,Оленка
184,Веселун
185,Смерічка
186,Чебурашка
187,Орля
188,Івушка
189,Черешенька
190,Гніздечко
191,Васильок
192,Лисичка
193,Зірочка
194,Дельфінчик
196,ДЗВІНОЧОК
197,Садко
198,Заїнька
199,Калинонька
200,Посмішка
202,Рябинка
203,Журавка
204,Фіалка
205,Сосонка
206,Голубок
207,Яблунька
208,Сонечко-1
209,Жайворонок
210,Журавонька
211,Соловейко
212,ЧЕБУРАШКА
213,Лелека
214,Соняшник
215,Калінушка
216,Суржанський
217,ТЕРЕМОК
218,Бджілка
219,Новознам
220,Зіронька
221,Лукомор
222,Малиш
223,Вербичка
224,Аліса
225,Ракета
226,РОСИНКА
227,Ранок
228,Лелеченька
229,Сніжинка
230,Ведмежатко
231,Веснянка
232,Їжачок
233,Іскорка
234,Пилипко
235,Теремки
236,Казочка
237,Весняночка
238,Чорнобривчик
239,Дружба
240,Грибочок
241,Лелеченя
242,Фіалочка
243,Веселинка
244,Лілея
245,ЖУРАВОНЬКА
246,Каштан
247,Полуничка
248,Цукринка
249,Дударик
250,Катруся
251,Рушничок
252,Світлячо
253,Івасик
254,Оберіг
255,Горобинонька
256,ВЕСЕЛКА
257,РАДУГА
258,Стугураш
259,зайченя
260,ГНОМИК
261,МАЛИНКА
262,Струмок
263,ГАЛИНКА
264,ПЕРЛИНКА
265,Незабудка
266,БЕРІЗКА
267,вишенка
268,Антошка
269,Тополенька
270,БДЖІЛКА
271,Роднічок
272,Гвоздичка
273,кОЛОСОК
274,Радість
275,Промінець
276,Кубаночка
277,Казковий
278,СОНЕЧКО
279,МАЛЯТКО
280,Чомучка
281,Мартічка
282,Лісовичок
283,Квіточка
284,ДЖЕРЕЛЬЦЕ
285,СВІТЛЯЧОК
286,СТРУМОЧОК
287,КАЗОЧКА
288,УСМІШКА
289,струмочок
290,Усмішка
291,Бригантина
292,Краплинка
293,Ладоньки
294,Промінчк
295,Дзвіночо
296,Подоляночка
297,Солнечко
298,Чаєчка
299,сонечко
300,Лазурний
301,Еврика
302,ЕЙДОС
303,Хортицький
304,Метелик
305,Світлинка
306,Льонок
307,Котигорошко
308,Телесик
309,Півник
310,Сонячний
311,Десняночка
312,ДЕК-АРТ
313,Солнишко
314,Яблучко
315,Сопілочка
316,Липка
317,Ластівочка
318,Промінчик
319,Оксанка
320,Волошка
321,Ялиночка
322,Суничка
323,Горішок
324,Кристалик
325,ЗІрочка
326,Дубок
327,ЧАЙКА
328,Дніпряночка
329,Троянда
330,Гайок
331,Колосочки
332,Теремочок
333,Даринка
334,Намистинка
335,ПРОЛІСОК
336,Водограй
337,Княжичанка
338,Лісний
339,Кобзарик
340,Веселочка
341,Веселковий
342,Ромашечка
343,Семиквіточка
344,Левеня
345,Смайлик
346,Янголятко
347,Лебідонька
348,Вогник
349,Рублинятко
350,Гномик
351,Вишиванка
352,Калина
353,Журавушка
354,Веселкка
355,ЯСОЧКА
356,Левенятко
357,Жучок-світлячок
358,Іскринка
359,Наддністряночка
360,Чомучки
361,ГОРОБИНКА
362,Гномики
363,Хоровод
364,Альонушка
365,КАПІТОШКА
366,Василинка
367,Берізка1
368,МАЯЧОК
369,ТЕРЕМ-ТЕРЕМОК
370,Оленька
371,Дзвоник
372,Соснинка
373,Дошколярик
374,ЛАСТІВКА
375,Озеряночка
376,Питайлики
377,Школярик
378,Дюймовичка
379,єднанння
380,Лелечки
381,Україночка
382,Пустунчик
383,Мерцішор
384,Гіочел
385,Горянка
386,Берiка
387,Лумініца
388,Флуєраш
389,Флорічіка
390,Мугурел
391,Розумашки
392,Ювілейний
393,Марічка
394,Мальвіна
395,Соколята
396,Мішутка
397,ФІАЛОЧКА
398,Вишиваночка
399,КОЛОБОК
401,УКРАЇНОЧКА
402,Теремок-2
403,Журавлик-2
404,дзвіночок
405,Лебедик
406,Мармеландія
407,Калинононька
408,Мандаринка
409,Маківка
410,Ципа
411,Сонях
412,Гуцулочка
413,Гном
414,Инжераш
415,Дубочок
416,Барвінок-100
417,Соколятко
418,ВЕСНЯНКА
419,СВІТАНОК
420,Долоньки
421,РАНОК
422,Гайочок
423,КАПІТОШКИ
424,Берізонька
425,Любисток
426,.Пролісок
427,Вербівочка
428,Покутянка
429,Березунчик
430,Гуцулята
431,ромашка
432,Едельвейс
433,Малинка
434,Дзіночок
435,Гуцулятко
436,Дивокрай
437,Зіірочка
438,Ліщинка
439,БАРВІНОК
440,Кобзарики
441,Каштанчик
442,Барвіночок
443,Зоряночка
444,Віконечко
445,Загадка
446,Козачата
447,Подолянчик
448,Дубравушка
449,Райдуга
450,Дивограй
451,Щасливий
452,Глинняночка
453,Намистинки
454,ВИШЕНЬКА
455,Малтко
456,пролісок
457,Пелюсток
458,КаЛИНКА
459,ВЕСЕЛОЧКА
460,Тополіно
461,Піноккіо
462,ПОДОЛЯНОЧКА
463,Криниченька
464,Ангелятко
465,Носики-курносики
466,лелечатко
467,Світанок+
468,ЗІРОЧКА
469,Данилко
470,Дада
471,КАЛИНОНЬКА
472,Зерновське
473,Вікторія
474,Назарет
475,ЛЕЛЕКА
476,Вишеньки
477,Ставочок
478,Крихітка
480,Турбота
481,Підростайко
482,Веселик
